model,support,f1_mean_bootstrap,f1_ci95_low,f1_ci95_high,recall_mean_bootstrap,recall_ci95_low,recall_ci95_high
tfidf_logistic_regression,90,0.972742461526473,0.9295774647887324,1.0,1.0,1.0,1.0
tfidf_random_forest,90,0.9720873934040386,0.9253731343283583,1.0,0.972984594658563,0.9032258064516129,1.0
groq-qwen3-32b,90,0.9226759064374773,0.8529291224686596,0.9767441860465117,1.0,1.0,1.0
groq-llama-3-3-70b,90,0.9037253851495816,0.8253968253968254,0.9666666666666667,0.9171005756744562,0.8157894736842105,1.0
groq-compound,90,0.868723292387839,0.7777777777777777,0.9444444444444444,0.8345756157827038,0.7058823529411765,0.9444444444444444
groq-gpt-oss-120b,90,0.8468343277810898,0.75,0.9275362318840579,0.8611353413592387,0.7368421052631579,0.967741935483871
