model,type,train_count,support,phishing_support,safe_support,accuracy,precision,recall,specificity,f1,false_positive_rate,false_negative_rate,tp,tn,fp,fn
tfidf_logistic_regression,classical_baseline,18531,90,36,54,0.9777777777777777,0.9473684210526315,1.0,0.9629629629629629,0.972972972972973,0.037037037037037035,0.0,36,52,2,0
tfidf_random_forest,classical_baseline,18531,90,36,54,0.9777777777777777,0.9722222222222222,0.9722222222222222,0.9814814814814815,0.9722222222222222,0.018518518518518517,0.027777777777777776,35,53,1,1
