model,input_count,support,failed_count,coverage_rate,phishing_support,safe_support,accuracy,balanced_accuracy,precision,recall,specificity,f1,false_positive_rate,false_negative_rate,tp,tn,fp,fn
groq-qwen3-32b,90,90,0,1.0,36,54,0.9333333333333333,0.9444444444444444,0.8571428571428571,1.0,0.8888888888888888,0.923076923076923,0.1111111111111111,0.0,36,48,6,0
groq-llama-3-3-70b,90,90,0,1.0,36,54,0.9222222222222223,0.9212962962962963,0.8918918918918919,0.9166666666666666,0.9259259259259259,0.9041095890410958,0.07407407407407407,0.08333333333333333,33,50,4,3
groq-compound,90,90,0,1.0,36,54,0.9,0.8888888888888888,0.9090909090909091,0.8333333333333334,0.9444444444444444,0.8695652173913043,0.05555555555555555,0.16666666666666666,30,51,3,6
groq-gpt-oss-120b,90,90,0,1.0,36,54,0.8777777777777778,0.875,0.8378378378378378,0.8611111111111112,0.8888888888888888,0.8493150684931507,0.1111111111111111,0.1388888888888889,31,48,6,5
