model,type,train_count,support,accuracy,precision,recall,specificity,f1,fp,fn
tfidf_logistic_regression,classical_baseline,18531,90,0.9777777777777777,0.9473684210526315,1.0,0.9629629629629629,0.972972972972973,2,0
tfidf_random_forest,classical_baseline,18531,90,0.9777777777777777,0.9722222222222222,0.9722222222222222,0.9814814814814815,0.9722222222222222,1,1
groq-qwen3-32b,LLM,,90,0.9333333333333332,0.8571428571428571,1.0,0.8888888888888888,0.923076923076923,6,0
groq-llama-3-3-70b,LLM,,90,0.9222222222222224,0.8918918918918919,0.9166666666666666,0.925925925925926,0.9041095890410958,4,3
groq-compound,LLM,,90,0.9,0.9090909090909092,0.8333333333333334,0.9444444444444444,0.8695652173913043,3,6
groq-gpt-oss-120b,LLM,,90,0.8777777777777778,0.8378378378378378,0.8611111111111112,0.8888888888888888,0.8493150684931507,6,5
