model,remetente_suspeito,senso_urgencia_medo,solicitacao_dados_sensiveis,links_suspeitos,erros_gramaticais,email_nao_solicitado,saudacao_generica,anexos_suspeitos,formatacao_estranha,oferta_boa_demais,dominio_suspeito,historias_elaboradas,personalizacao_excessiva,contato_ausente_ou_inconsistente,conteudo_emocional,endereco_resposta_diferente,botoes_enganosos
groq-compound,0.2777777777777778,0.08888888888888889,0.06666666666666667,0.18888888888888888,0.3333333333333333,0.4222222222222222,0.34444444444444444,0.011111111111111112,0.32222222222222224,0.2777777777777778,0.23333333333333334,0.1,0.011111111111111112,0.3253012048192771,0.15555555555555556,0.044444444444444446,0.044444444444444446
groq-gpt-oss-120b,0.34444444444444444,0.18888888888888888,0.05555555555555555,0.25555555555555554,0.6444444444444445,0.5333333333333333,0.28888888888888886,0.011111111111111112,0.5555555555555556,0.3111111111111111,0.23333333333333334,0.05555555555555555,0.0,0.5,0.2,0.0,0.022222222222222223
groq-llama-3-3-70b,0.4111111111111111,0.1,0.1,0.3,0.35555555555555557,0.4666666666666667,0.3888888888888889,0.011111111111111112,0.25555555555555554,0.35555555555555557,0.3888888888888889,0.06666666666666667,0.0,0.14285714285714285,0.15555555555555556,0.022222222222222223,0.06666666666666667
groq-qwen3-32b,0.35555555555555557,0.2,0.1111111111111111,0.23333333333333334,0.45555555555555555,0.4444444444444444,0.43333333333333335,0.022222222222222223,0.3888888888888889,0.3333333333333333,0.2777777777777778,0.2,0.0,,0.28888888888888886,0.07777777777777778,0.07777777777777778
